Schema,Table,Hex String
silver,eth_staking_deposits.sql,0x649bbc62d0e31342afea4e5cd82d4049e7e1ee912fc0889aa790803be39038c5
silver,optimism_bedrock_state_hashes.sql,0xa7aaf2512769da4e444e3de247be2564225c2e7a8f74cfe528e46e17d24868e2
silver,optimism_state_hashes.sql,0x16be4c5129a4e03cf3350262e181dc02ddfb4a6008d925368c0899fcd97ca9c5
silver,optimism_submission_hashes.sql,0x127186556e7be68c7e31263195225b4de02820707889540969f62c05cf73525e
silver,transfers.sql,0xddf252ad1be2c89b69c2b068fc378daa952ba7f163c4a11628f55a4df523b3ef
silver,nft_transfers.sql,0xddf252ad1be2c89b69c2b068fc378daa952ba7f163c4a11628f55a4df523b3ef
silver,nft_transfers.sql,0xc3d58168c5ae7397731d063d5bbf3d657854427343f4c083240f7aacaa2d0f62
silver,nft_transfers.sql,0x4a39dc06d4c0dbc64b70af90fd698a233a518aa5d07e595d983b8c0526c8f7fb
silver,nft_transfers.sql,0xddf252ad1be2c89b69c2b068fc378daa952ba7f163c4a11628f55a4df523b3ef
silver,nft_transfers.sql,0x58e5d5a525e3b40bc15abaa38b5882678db1ee68befd2f60bafe3a7fd06db9e3
silver,nft_transfers.sql,0x05af636b70da6819000c49f85b21fa82081c632069bb626f30932034099107d8
silver,nft_transfers.sql,0xddf252ad1be2c89b69c2b068fc378daa952ba7f163c4a11628f55a4df523b3ef
silver,nft_transfers.sql,0xddf252ad1be2c89b69c2b068fc378daa952ba7f163c4a11628f55a4df523b3ef
silver,nft_transfers.sql,0xc3d58168c5ae7397731d063d5bbf3d657854427343f4c083240f7aacaa2d0f62
silver,nft_transfers.sql,0x4a39dc06d4c0dbc64b70af90fd698a233a518aa5d07e595d983b8c0526c8f7fb
silver,nft_transfers.sql,0x58e5d5a525e3b40bc15abaa38b5882678db1ee68befd2f60bafe3a7fd06db9e3
silver,nft_transfers.sql,0xddf252ad1be2c89b69c2b068fc378daa952ba7f163c4a11628f55a4df523b3ef
silver,nft_transfers.sql,0xddf252ad1be2c89b69c2b068fc378daa952ba7f163c4a11628f55a4df523b3ef
silver,nft_transfers.sql,0x58e5d5a525e3b40bc15abaa38b5882678db1ee68befd2f60bafe3a7fd06db9e3
silver,nft_transfers.sql,0x05af636b70da6819000c49f85b21fa82081c632069bb626f30932034099107d8
silver,nft_transfers.sql,0xddf252ad1be2c89b69c2b068fc378daa952ba7f163c4a11628f55a4df523b3ef
silver_nft,seaport_1_4_sales.sql,0x4b9f2d36e1b4c93de62cc077b00b1a91d84b6c31b4a14e012718dcca230689e7
silver_nft,seaport_1_4_sales.sql,0x4b9f2d36e1b4c93de62cc077b00b1a91d84b6c31b4a14e012718dcca230689e7
silver_nft,seaport_1_4_sales.sql,0x9d9af8e38d66c62e2c12f0225249fd9d721c54b83f48d9352c97c6cacdcb6f31
silver_nft,seaport_1_4_sales.sql,0xc3d58168c5ae7397731d063d5bbf3d657854427343f4c083240f7aacaa2d0f62
silver_nft,seaport_1_4_sales.sql,0x4a39dc06d4c0dbc64b70af90fd698a233a518aa5d07e595d983b8c0526c8f7fb
silver_nft,cryptopunk_sales.sql,0x58e5d5a525e3b40bc15abaa38b5882678db1ee68befd2f60bafe3a7fd06db9e3
silver_nft,cryptopunk_sales.sql,0x0000000000000000000000000000000000000000000000000000000000000000
silver_nft,seaport_1_5_sales.sql,0x4b9f2d36e1b4c93de62cc077b00b1a91d84b6c31b4a14e012718dcca230689e7
silver_nft,seaport_1_5_sales.sql,0x4b9f2d36e1b4c93de62cc077b00b1a91d84b6c31b4a14e012718dcca230689e7
silver_nft,seaport_1_5_sales.sql,0x4b9f2d36e1b4c93de62cc077b00b1a91d84b6c31b4a14e012718dcca230689e7
silver_nft,seaport_1_5_sales.sql,0x9d9af8e38d66c62e2c12f0225249fd9d721c54b83f48d9352c97c6cacdcb6f31
silver_nft,seaport_1_5_sales.sql,0x4b9f2d36e1b4c93de62cc077b00b1a91d84b6c31b4a14e012718dcca230689e7
silver_nft,seaport_1_5_sales.sql,0xc3d58168c5ae7397731d063d5bbf3d657854427343f4c083240f7aacaa2d0f62
silver_nft,seaport_1_5_sales.sql,0x4a39dc06d4c0dbc64b70af90fd698a233a518aa5d07e595d983b8c0526c8f7fb
silver_nft,rarible_v2_sales.sql,0x268820db288a211986b26a8fda86b1e0046281b21206936bb0e61c67b5c79ef4
silver_nft,rarible_v2_sales.sql,0x956cd63ee4cdcd81fda5f0ec7c6c36dceda99e1b412f4a650a5d26055dc3c450
silver_nft,nftx_decoded_sales.sql,0x1f72ad2a14447fa756b6f5aca53504645af79813493aca2d906b69e4aaeb9492
silver_nft,cryptopunk_bids.sql,0x0000000000000000000000000000000000000000000000000000000000000000
silver_nft,cryptopunk_bids.sql,0x5b859394fabae0c1ba88baffe67e751ab5248d2e879028b8c8d6897b0519f56a
silver_nft,seaport_1_6_sales.sql,0x4b9f2d36e1b4c93de62cc077b00b1a91d84b6c31b4a14e012718dcca230689e7
silver_nft,seaport_1_6_sales.sql,0x4b9f2d36e1b4c93de62cc077b00b1a91d84b6c31b4a14e012718dcca230689e7
silver_nft,seaport_1_6_sales.sql,0x4b9f2d36e1b4c93de62cc077b00b1a91d84b6c31b4a14e012718dcca230689e7
silver_nft,seaport_1_6_sales.sql,0x9d9af8e38d66c62e2c12f0225249fd9d721c54b83f48d9352c97c6cacdcb6f31
silver_nft,seaport_1_6_sales.sql,0x4b9f2d36e1b4c93de62cc077b00b1a91d84b6c31b4a14e012718dcca230689e7
silver_nft,seaport_1_6_sales.sql,0xc3d58168c5ae7397731d063d5bbf3d657854427343f4c083240f7aacaa2d0f62
silver_nft,seaport_1_6_sales.sql,0x4a39dc06d4c0dbc64b70af90fd698a233a518aa5d07e595d983b8c0526c8f7fb
silver_nft,seaport_1_1_sales.sql,0x9d9af8e38d66c62e2c12f0225249fd9d721c54b83f48d9352c97c6cacdcb6f31
silver_nft,seaport_1_1_sales.sql,0xc3d58168c5ae7397731d063d5bbf3d657854427343f4c083240f7aacaa2d0f62
silver_nft,seaport_1_1_sales.sql,0x4a39dc06d4c0dbc64b70af90fd698a233a518aa5d07e595d983b8c0526c8f7fb
silver_nft,artblocks_base_sales.sql,0x94c792774c59479f7bd68442f3af3691c02123a5aabee8b6f9116d8af8aa6669
silver_nft,artblocks_base_sales.sql,0x4c209b5fc8ad50758f13e2e1088ba56a560dff690a1c6fef26394f4c03821c4f
silver_nft,sudoswap_v1_sales.sql,0xbc479dfc6cb9c1a9d880f987ee4b30fa43dd7f06aec121db685b67d587c93c93
silver_nft,sudoswap_v1_sales.sql,0x3614eb567740a0ee3897c0e2b11ad6a5720d2e4438f9c8accf6c95c24af3a470
silver_nft,sudoswap_v2_sales.sql,0xa13c46268c53408442d94eb370f2e476cb7f0fbe027ae5bad73ce13d4469c8b9
silver_nft,sudoswap_v2_sales.sql,0x7a0e7e58d91fd23a96b0008604db1b2d1cee4aae434e3aad9a20fdd7c0995f89
silver_nft,sudoswap_v2_sales.sql,0xd9c2402e1a067734ae78dab98f06d5b28e8a2d2c6370ec0e6ff8cc2749d050f1
silver_nft,sudoswap_v2_sales.sql,0x58e7e2e8d4c949c019e4fe5f6e2a8f10e4e078a8747730386e9a230da8c969f0
silver_nft,arbitrage_raw.sql,0xbc83c08f0b269b1726990c8348ffdf1ae1696244a14868d766e542a2f18cd7d4
silver_lsd,etherfi_withdrawals.sql,0xddf252ad1be2c89b69c2b068fc378daa952ba7f163c4a11628f55a4df523b3ef
silver_lsd,etherfi_deposits.sql,0xddf252ad1be2c89b69c2b068fc378daa952ba7f163c4a11628f55a4df523b3ef
silver_lsd,stader_withdrawals.sql,0x5b2ce38527d3f69f0bf03c1a363829ba12d09551f8778a9b0b9e1285ec19721a
silver_lsd,stader_deposits.sql,0xf5681f9d0db1b911ac18ee83d515a1cf1051853a9eae418316a2fdf7dea427c5
silver_lsd,lido_withdrawal_requests.sql,0xf0cb471f23fb74ea44b8252eb1881a2dca546288d9f6e90d1a0e82fe0ed342ab
silver_lsd,lido_deposits.sql,0x96a25c8ce0baabc1fdefd93e9ed25d8e092a3332f3aa9a41722b5697231d1d1a
silver_lsd,lido_withdrawals_claimed.sql,0x6ad26c5e238e7d002799f9a5db07e81ef14e37386ae03496d7a7ef04713e145b
silver_lsd,rocketpool_deposits.sql,0x7aa1a8eb998c779420645fc14513bf058edb347d95c2fc2e6845bdc22f888631
silver_lsd,rocketpool_deposits.sql,0x6155cfd0fd028b0ca77e8495a60cbe563e8bce8611f0aad6fedbdaafc05d44a2
silver_lsd,rocketpool_withdrawals.sql,0x19783b34589160c168487dc7f9c51ae0bcefe67a47d6708fba90f6ce0366d3d1
silver_lsd,fraxether_deposits.sql,0xdcbc1c05240f31ff3ad067ef1ee35ce4997762752e3a095284754544f4c709d7
silver_lsd,fraxether_withdrawals.sql,0xfbde797d201c681b91056529119e0b02407c7bb96a4a2c75c01fc9667232c8db
silver_lsd,liquidcollective_deposits.sql,0xddf252ad1be2c89b69c2b068fc378daa952ba7f163c4a11628f55a4df523b3ef
silver_lsd,liquidcollective_withdrawals.sql,0xddf252ad1be2c89b69c2b068fc378daa952ba7f163c4a11628f55a4df523b3ef
silver_lsd,guarded_deposits.sql,0xddf252ad1be2c89b69c2b068fc378daa952ba7f163c4a11628f55a4df523b3ef
silver_lsd,mantle_deposits.sql,0x1449c6dd7851abc30abf37f57715f492010519147cc2652fbc38202c18a6ee90
silver_lsd,mantle_withdrawals.sql,0x5de6f9e4fdf1b740a7ba3b485303743eec250be281a2dd4df046c7fcecbdb04d
silver_lsd,hord_deposits.sql,0xe1fffcc4923d04b559f4d29a8bfc6cda04eb5b0d3c460751c2402c5c5cc9109c
silver_lsd,hord_deposits.sql,0x7fc2fd3fd75a3920468e7ebb35c1c6c24d63052113a15ce8a4d461bf9b8c7f84
silver_lsd,coinbase_withdrawals.sql,0xcc16f5dbb4873280815c1ee09dbd06736cffcc184412cf7a71a0fdb75d397ca5
silver_lsd,coinbase_deposits.sql,0xab8530f87dc9b59234c4623bf917212bb2536d647574c8e7e5da92c2ede0c9f8
silver_lsd,stakestone_withdrawals.sql,0xddf252ad1be2c89b69c2b068fc378daa952ba7f163c4a11628f55a4df523b3ef
silver_lsd,stakestone_deposits.sql,0xddf252ad1be2c89b69c2b068fc378daa952ba7f163c4a11628f55a4df523b3ef
silver_lsd,stakewise_v3_vaults.sql,0x0d606510f33b5e566ed1ca2b9e88d388ab81cea532909665d725b33134516aff
silver_lsd,stakewise_v3_withdrawals.sql,0xeb3b05c070c24f667611fdb3ff75fe007d42401c573aed8d8faca95fd00ccb56
silver_lsd,stakewise_v3_deposits.sql,0x861a4138e41fb21c121a7dbb1053df465c837fc77380cc7226189a662281be2c
silver_lsd,stakewise_deposits.sql,0xddf252ad1be2c89b69c2b068fc378daa952ba7f163c4a11628f55a4df523b3ef
silver_lsd,stakewise_deposits.sql,0x2f6cbf015ae7f747147c62891da8bad454d58bd9fe94d218ecc3dbbfbd48c16e
silver_lsd,ankr_deposits.sql,0x995d6cdbf356b73aa4dff24e951558cc155c9bb0397786ec4a142f9470f50007
silver_lsd,ankr_withdrawals.sql,0xc5130045b6f6c9e2944ccea448ad17c279db68237b8aa856ee12cbfaa25f7715
silver_lsd,ankr_withdrawals.sql,0xddf252ad1be2c89b69c2b068fc378daa952ba7f163c4a11628f55a4df523b3ef
silver_lsd,sharedstake_deposits.sql,0xddf252ad1be2c89b69c2b068fc378daa952ba7f163c4a11628f55a4df523b3ef
silver_lsd,sharedstake_withdrawals.sql,0xddf252ad1be2c89b69c2b068fc378daa952ba7f163c4a11628f55a4df523b3ef
silver_lsd,sharedstake_v2_withdrawals.sql,0xddf252ad1be2c89b69c2b068fc378daa952ba7f163c4a11628f55a4df523b3ef
silver_lsd,sharedstake_v2_deposits.sql,0xddf252ad1be2c89b69c2b068fc378daa952ba7f163c4a11628f55a4df523b3ef
silver_lsd,swell_deposits.sql,0xcb2ce03599937ff3d73e67e71a0f37013a6d3b697487823e37bc94da69483986
silver_lsd,swell_deposits.sql,0xe28a9e1df63912c0c77b586c53595df741cbbc554d6831e40f1b5453199a9630
silver_lsd,cream_withdrawals.sql,0x5bb95829671915ece371da722f91d5371159095dcabf2f75cd6c53facb7e1bab
silver_lsd,cream_deposits.sql,0xad40ae5dc69974ba932d08b0a608e89109412d41d04850f5196f144875ae2660
silver_lsd,origin_withdrawals.sql,0xddf252ad1be2c89b69c2b068fc378daa952ba7f163c4a11628f55a4df523b3ef
silver_lsd,origin_deposits.sql,0xddf252ad1be2c89b69c2b068fc378daa952ba7f163c4a11628f55a4df523b3ef
silver_lsd,stafi_withdrawals.sql,0xc7ccdcb2d25f572c6814e377dbb34ea4318a4b7d3cd890f5cfad699d75327c7c
silver_lsd,stafi_deposits.sql,0x2c7d80ba9bc6395644b4ff4a878353ac20adeed6e23cead48c8cec7a58b6e719
silver_lsd,stafi_deposits.sql,0x6155cfd0fd028b0ca77e8495a60cbe563e8bce8611f0aad6fedbdaafc05d44a2
silver_lsd,unieth_withdrawals.sql,0xddf252ad1be2c89b69c2b068fc378daa952ba7f163c4a11628f55a4df523b3ef
silver_lsd,unieth_deposits.sql,0xddf252ad1be2c89b69c2b068fc378daa952ba7f163c4a11628f55a4df523b3ef
silver_lsd,binance_deposits.sql,0xab8530f87dc9b59234c4623bf917212bb2536d647574c8e7e5da92c2ede0c9f8
silver_lsd,stakehound_deposits.sql,0xddf252ad1be2c89b69c2b068fc378daa952ba7f163c4a11628f55a4df523b3ef
silver_lsd,nodedao_withdrawals.sql,0xc2d18d1ab67a48ae80c3ef1d20c2f2a97201a23db7ca49e5de1edf05610fb003
silver_lsd,nodedao_deposits.sql,0x1cae59a31c3c6760aa08cb9c351432553e908b8e6f53e7c9ac22715c7d496179
silver_bridge,celer_cbridge_send.sql,0x89d8051e597ab4178a863a5190407b98abfeff406aa8db90c59af76612e58f01
silver_bridge,dln_debridge_createdorder.sql,0xfc8703fd57380f9dd234a89dce51333782d49c5902f307b02f03e014d18fe471
silver_bridge,hop_transfersenttol2.sql,0x0a0607688c86ec1775abcdbab7b33a3a35a6c9cde677c9be880150c231cc6b0b
silver_bridge,hop_l1canonicaltoken.sql,0x0a0607688c86ec1775abcdbab7b33a3a35a6c9cde677c9be880150c231cc6b0b
silver_bridge,stargate_swap.sql,0x34660fc8af304464529f48a778e03d03e4d34bcd5f9b6f0cfbf3cd238c642f7f
silver_bridge,multichain_v7_loganyswapout.sql,0x0d969ae475ff6fcaf0dcfa760d4d8607244e8d95e9bf426f8d5d69f9a3e525af
silver_bridge,axelar_contractcallwithtoken.sql,0x7e50569d26be643bda7757722291ec66b1be66d8283474ae3fab5a98f878a7a2
silver_bridge,axelar_contractcallwithtoken.sql,0x999d431b58761213cf53af96262b67a069cbd963499fd8effd1e21556217b841
silver_bridge,symbiosis_synthesizerequest.sql,0x31325fe0a1a2e6a5b1e41572156ba5b4e94f0fae7e7f63ec21e9b5ce1e4b3eab
silver_bridge,meson_transfers.sql,0x5ce4019f772fda6cb703b26bce3ec3006eb36b73f1d3a0eb441213317d9f5e9d
silver_bridge,across_v3fundsdeposited.sql,0xa123dc29aebf7d0c3322c8eeb5b999e859f39937950ed31056532713d0de396f
silver_bridge,across_fundsdeposited.sql,0xafc4df6845a4ab948b492800d3d8a25d538a102a2bc07cd01f1cfa097fddcff6
silver_bridge,across_fundsdeposited.sql,0x0cf77fd2585a4d672259e86a6adb2f6b05334cbb420727afcfbc689d018bb456
silver_bridge,eywa_requestsent.sql,0x5566d73d091d945ab32ea023cd1930c0d43aa43bef9aee4cb029775cfc94bdae
silver_bridge,eywa_requestsent.sql,0xb5f411fa3c897c9b0b6cd61852278a67e73d885610724a5610a8580d3e94cfdb
silver_bridge,eywa_requestsent.sql,0x5566d73d091d945ab32ea023cd1930c0d43aa43bef9aee4cb029775cfc94bdae
silver_bridge,eywa_requestsent.sql,0xb5f411fa3c897c9b0b6cd61852278a67e73d885610724a5610a8580d3e94cfdb
silver_bridge,synapse_token_bridge.sql,0xdc5bad4651c5fbe9977a696aadc65996c468cde1448dd468ec0d83bf61c4b57c
silver_bridge,synapse_token_bridge.sql,0xda5273705dbef4bf1b902a131c2eac086b7e1476a8ab0cb4da08af1fe1bd8e3b
silver_bridge,synapse_tokenbridgeandswap.sql,0x79c15604b92ef54d3f61f0c40caab8857927ca3d5092367163b4562c1699eb5f
silver_bridge,allbridge_sent.sql,0x884a8def17f0d5bbb3fef53f3136b5320c9b39f75afb8985eeab9ea1153ee56d
silver,silo_liquidations.sql,0xf3fa0eaee8f258c23b013654df25d1527f98a5c7ccd5e951dd77caca400ef972
silver,silo_repayments.sql,0x05f2eeda0e08e4b437f487c8d7d29b14537d15e3488170dc3de5dbdf8dac4684
silver,silo_deposits.sql,0xdd160bb401ec5b5e5ca443d41e8e7182f3fe72d70a04b9c0ba844483d212bcb5
silver,silo_withdraws.sql,0x3b5f15635b488fe265654176726b3222080f3d6500a562f4664233b3ea2f0283
silver,silo_pools.sql,0xd97e9f840332422474cda9bb0976c87735b44cda62a3fe2a4e13e2e862671812
silver,silo_pools.sql,0x94f128ebf0749edb8bb9d165d016ce008a16bc82cbd40cc81ded2be79140d020
silver,silo_borrows.sql,0x312a5e5e1079f5dda4e95dbbd0b908b291fd5b992ef22073643ab691572c5b52
silver,flux_deposits.sql,0x4c209b5fc8ad50758f13e2e1088ba56a560dff690a1c6fef26394f4c03821c4f
silver,flux_withdraws.sql,0xe5b754fb1abb7f01b499791d0b820ae3b6af3424ac1c59768edb53f4ec31a929
silver,flux_borrows.sql,0x13ed6866d4e1ee6da46f845c46d7e54120883d75c5ea9a2dacc1c4ca8984ab80
silver,flux_repayments.sql,0x1a2a22cb034d26d1854bdc6666a5b91fe25efbbb5dcad3b0355478d6f5c362a1
silver,flux_liquidations.sql,0x298637f684da70674f26509b10f07ec2fbc77a335ab1e7d6215a4b2484d8bb52
silver,flux_asset_details.sql,0x7ac369dbd14fa5ea3f473ed67cc9d598964a77501540ba6751eb0b3decf5870d
silver,uwu_repayments.sql,0x4cdde6e09bb755c9a5589ebaec640bbfedff1362d4b255ebf8339782b9942faa
silver,uwu_repayments.sql,0xb718f0b14f03d8c3adf35b15e3da52421b042ac879e5a689011a8b1e0036773d
silver,uwu_repayments.sql,0xa534c8dbe71f871f9f3530e97a74601fea17b426cae02e1c5aee42c96c784051
silver,uwu_tokens.sql,0xb19e051f8af41150ccccb3fc2c2d8d15f4a4cf434f32a559ba75fe73d6eea20b
silver,uwu_tokens.sql,0x3a0ca721fc364424566385a1aa271ed508cc2c0949c2272575fb3013a163a45f
silver,uwu_withdraws.sql,0x3115d1449a7b732c986cba18244e897a450f61e1bb8d589cd2e69e6c8924f9f7
silver,uwu_liquidations.sql,0xe413a321e8681d831f4dbccbca790d2952b56f977908e45be37335533e005286
silver,uwu_borrows.sql,0xc6a898309e823ee50bac64e45ca8adba6690e99e7841c45d754e2a38e9019d9b
silver,uwu_flashloans.sql,0x631042c832b07452973831137f2d73e395028b44b250dedc5abb0ee766e168ac
silver,uwu_deposits.sql,0xde6857219544bb5b7746f48ed30be6386fefc61b2f864cacf559893bf50fd951
silver,radiant_withdraws.sql,0x3115d1449a7b732c986cba18244e897a450f61e1bb8d589cd2e69e6c8924f9f7
silver,radiant_deposits.sql,0xde6857219544bb5b7746f48ed30be6386fefc61b2f864cacf559893bf50fd951
silver,radiant_repayments.sql,0x4cdde6e09bb755c9a5589ebaec640bbfedff1362d4b255ebf8339782b9942faa
silver,radiant_repayments.sql,0xb718f0b14f03d8c3adf35b15e3da52421b042ac879e5a689011a8b1e0036773d
silver,radiant_repayments.sql,0xa534c8dbe71f871f9f3530e97a74601fea17b426cae02e1c5aee42c96c784051
silver,radiant_liquidations.sql,0xe76026d190f8c969db64638eaf9bc7087a3758e7fe58c017135a5051b4d7c4f8
silver,radiant_tokens.sql,0xb19e051f8af41150ccccb3fc2c2d8d15f4a4cf434f32a559ba75fe73d6eea20b
silver,radiant_tokens.sql,0x3a0ca721fc364424566385a1aa271ed508cc2c0949c2272575fb3013a163a45f
silver,radiant_borrows.sql,0xc6a898309e823ee50bac64e45ca8adba6690e99e7841c45d754e2a38e9019d9b
silver,radiant_flashloans.sql,0x631042c832b07452973831137f2d73e395028b44b250dedc5abb0ee766e168ac
silver,cream_liquidations.sql,0x298637f684da70674f26509b10f07ec2fbc77a335ab1e7d6215a4b2484d8bb52
silver,cream_asset_details.sql,0x7ac369dbd14fa5ea3f473ed67cc9d598964a77501540ba6751eb0b3decf5870d
silver,cream_withdraws.sql,0xe5b754fb1abb7f01b499791d0b820ae3b6af3424ac1c59768edb53f4ec31a929
silver,cream_deposits.sql,0x4c209b5fc8ad50758f13e2e1088ba56a560dff690a1c6fef26394f4c03821c4f
silver,cream_repayments.sql,0x1a2a22cb034d26d1854bdc6666a5b91fe25efbbb5dcad3b0355478d6f5c362a1
silver,cream_borrows.sql,0x13ed6866d4e1ee6da46f845c46d7e54120883d75c5ea9a2dacc1c4ca8984ab80
silver,sturdy_withdraws.sql,0x3115d1449a7b732c986cba18244e897a450f61e1bb8d589cd2e69e6c8924f9f7
silver,sturdy_repayments.sql,0x4cdde6e09bb755c9a5589ebaec640bbfedff1362d4b255ebf8339782b9942faa
silver,sturdy_repayments.sql,0xb718f0b14f03d8c3adf35b15e3da52421b042ac879e5a689011a8b1e0036773d
silver,sturdy_repayments.sql,0xa534c8dbe71f871f9f3530e97a74601fea17b426cae02e1c5aee42c96c784051
silver,sturdy_liquidations.sql,0xe413a321e8681d831f4dbccbca790d2952b56f977908e45be37335533e005286
silver,sturdy_borrows.sql,0xc6a898309e823ee50bac64e45ca8adba6690e99e7841c45d754e2a38e9019d9b
silver,sturdy_deposits.sql,0xde6857219544bb5b7746f48ed30be6386fefc61b2f864cacf559893bf50fd951
silver,sturdy_tokens.sql,0xb19e051f8af41150ccccb3fc2c2d8d15f4a4cf434f32a559ba75fe73d6eea20b
silver,sturdy_tokens.sql,0x3a0ca721fc364424566385a1aa271ed508cc2c0949c2272575fb3013a163a45f
silver,strike_asset_details.sql,0x7ac369dbd14fa5ea3f473ed67cc9d598964a77501540ba6751eb0b3decf5870d
silver,strike_deposits.sql,0x4c209b5fc8ad50758f13e2e1088ba56a560dff690a1c6fef26394f4c03821c4f
silver,strike_liquidations.sql,0x298637f684da70674f26509b10f07ec2fbc77a335ab1e7d6215a4b2484d8bb52
silver,strike_withdraws.sql,0xe5b754fb1abb7f01b499791d0b820ae3b6af3424ac1c59768edb53f4ec31a929
silver,strike_repayments.sql,0x1a2a22cb034d26d1854bdc6666a5b91fe25efbbb5dcad3b0355478d6f5c362a1
silver,strike_borrows.sql,0x13ed6866d4e1ee6da46f845c46d7e54120883d75c5ea9a2dacc1c4ca8984ab80
silver,fraxlend_liquidations.sql,0x35f432a64bd3767447a456650432406c6cacb885819947a202216eeea6820ecf
silver,fraxlend_repayments.sql,0x9dc1449a0ff0c152e18e8289d865b47acc6e1b76b1ecb239c13d6ee22a9206a7
silver,fraxlend_borrows.sql,0x01348584ec81ac7acd52b7d66d9ade986dd909f3d513881c190fc31c90527efe
silver,fraxlend_deposits.sql,0xa32435755c235de2976ed44a75a2f85cb01faf0c894f639fe0c32bb9455fea8f
silver,fraxlend_asset_details.sql,0xb7f7e57b7bb3a5186ad1bd43405339ba361555344aec7a4be01968e88ee3883e
silver,fraxlend_asset_details.sql,0x9303649990c462969a3c46d4e2c758166e92f5a4b18c67f26d3e58d2b0660e67
silver,fraxlend_asset_details.sql,0xc6fa598658c9cdf9eaa5f76414ef17a38a7f74c0e719a0571a3f73d9ecd755b7
silver,fraxlend_asset_details.sql,0xb7f7e57b7bb3a5186ad1bd43405339ba361555344aec7a4be01968e88ee3883e
silver,fraxlend_asset_details.sql,0x9303649990c462969a3c46d4e2c758166e92f5a4b18c67f26d3e58d2b0660e67
silver,fraxlend_asset_details.sql,0xc6fa598658c9cdf9eaa5f76414ef17a38a7f74c0e719a0571a3f73d9ecd755b7
silver,fraxlend_withdraws.sql,0xbc290bb45104f73cf92115c9603987c3f8fd30c182a13603d8cffa49b5f59952
silver,spark_deposits.sql,0x2b627736bca15cd5381dcf80b0bf11fd197d01a037c52b927a881a10fb73ba61
silver,spark_repayments.sql,0x4cdde6e09bb755c9a5589ebaec640bbfedff1362d4b255ebf8339782b9942faa
silver,spark_repayments.sql,0xb718f0b14f03d8c3adf35b15e3da52421b042ac879e5a689011a8b1e0036773d
silver,spark_repayments.sql,0xa534c8dbe71f871f9f3530e97a74601fea17b426cae02e1c5aee42c96c784051
silver,spark_tokens.sql,0xb19e051f8af41150ccccb3fc2c2d8d15f4a4cf434f32a559ba75fe73d6eea20b
silver,spark_tokens.sql,0x3a0ca721fc364424566385a1aa271ed508cc2c0949c2272575fb3013a163a45f
silver,spark_borrows.sql,0xb3d084820fb1a9decffb176436bd02558d15fac9b0ddfed8c465bc7359d7dce0
silver,spark_flashloans.sql,0xefefaba5e921573100900a3ad9cf29f222d995fb3b6045797eaea7521bd8d6f0
silver,spark_liquidations.sql,0xe413a321e8681d831f4dbccbca790d2952b56f977908e45be37335533e005286
silver,spark_withdraws.sql,0x3115d1449a7b732c986cba18244e897a450f61e1bb8d589cd2e69e6c8924f9f7
silver_dex,pancakeswap_v3_swaps.sql,0x19b47279256b2a23a1665c810c8d55a1758940ee09377d4f8d26497a3577dc83
silver_dex,pancakeswap_v3_pools.sql,0x783cca1c0412dd0d695e784568c96da2e9c22ff989357a2e8b1d9b2b4e6b7118
silver_dex,pancakeswap_v2_amm_swaps.sql,0xd78ad95fa46c994b6551d0da85fc275fe613ce37657fb8d5e3d130840159d822
silver_dex,pancakeswap_v2_amm_pools.sql,0x0d3648bd0f6ba80134a33ba9275ac585d9d315f0ad8355cddefde31afa28d0e9
silver_dex,pancakeswap_v2_mm_swaps.sql,0xe7d6f812e1a54298ddef0b881cd08a4d452d9de35eb18b5145aa580fdda18b26
silver_dex,dodo_v2_pools.sql,0x8494fe594cd5087021d4b11758a2bbc7be28a430e94f2b268d668e5991ed3b8a
silver_dex,dodo_v2_pools.sql,0xbc1083a2c1c5ef31e13fb436953d22b47880cf7db279c2c5666b16083afd6b9d
silver_dex,dodo_v2_pools.sql,0xaf5c5f12a80fc937520df6fcaed66262a4cc775e0f3fceaf7a7cfe476d9a751d
silver_dex,dodo_v2_swaps.sql,0xc2c0245e056d5fb095f04cd6373bc770802ebd1e6c918eb78fdef843cdb37b0f
silver_dex,dodo_v1_swaps.sql,0xd8648b6ac54162763c86fd54bf2005af8ecd2f9cb273a5775921fd7f91e17b2d
silver_dex,dodo_v1_swaps.sql,0xe93ad76094f247c0dafc1c61adc2187de1ac2738f7a3b49cb20b2263420251a3
silver_dex,dodo_v1_pools.sql,0x5c428a2e12ecaa744a080b25b4cda8b86359c82d726575d7d747e07708071f93
silver_dex,kyberswap_v1_dynamic_swaps.sql,0x606ecd02b3e3b4778f8e97b2e03351de14224efaa5fa64e62200afc9395c2499
silver_dex,kyberswap_v1_dynamic_pools.sql,0xfc574402c445e75f2b79b67884ff9c662244dce454c5ae68935fcd0bebb7c8ff
silver_dex,kyberswap_v1_static_pools.sql,0xb6bce363b712c921bead4bcc977289440eb6172eb89e258e3a25bd49ca806de6
silver_dex,kyberswap_v1_static_swaps.sql,0x606ecd02b3e3b4778f8e97b2e03351de14224efaa5fa64e62200afc9395c2499
silver_dex,kyberswap_v2_elastic_pools.sql,0x783cca1c0412dd0d695e784568c96da2e9c22ff989357a2e8b1d9b2b4e6b7118
silver_dex,kyberswap_v2_elastic_swaps.sql,0xc42079f94a6350d7e6235f29174924f928cc2ac818eb64fed8004e115fbcca67
silver_dex,fraxswap_pools.sql,0x0d3648bd0f6ba80134a33ba9275ac585d9d315f0ad8355cddefde31afa28d0e9
silver_dex,fraxswap_swaps.sql,0xd78ad95fa46c994b6551d0da85fc275fe613ce37657fb8d5e3d130840159d822
silver_dex,trader_joe_v2_1_swaps.sql,0xad7d6f97abf51ce18e17a38f4d70e975be9c0708474987bb3e26ad21bd93ca70
silver_dex,trader_joe_v2_pools.sql,0x2c8d104b27c6b7f4492017a6f5cf3803043688934ebcaa6a03540beeaf976aff
silver_dex,verse_pools.sql,0x0d3648bd0f6ba80134a33ba9275ac585d9d315f0ad8355cddefde31afa28d0e9
silver_dex,verse_swaps.sql,0xd78ad95fa46c994b6551d0da85fc275fe613ce37657fb8d5e3d130840159d822
silver_dex,curve_swaps.sql,0xd013ca23e77a65003c2c659c5442c00c805371b7fc1ebd4c206c41d1536bd90b
silver_dex,curve_swaps.sql,0x8b3e96f2b889fa771c53c981b40daf005f63f637f1869f707052d15a3dd97140
silver_dex,curve_swaps.sql,0xb2e76ae99761dc136e598d4a629bb347eccb9532a5f8bbd72e18467c3c34cc98
silver_dex,curve_swaps.sql,0xd013ca23e77a65003c2c659c5442c00c805371b7fc1ebd4c206c41d1536bd90b
silver_dex,curve_swaps.sql,0x143f1f8e861fbdeddd5b46e844b7d3ac7b86a122f36e8c463859ee6811b1f29c
silver_dex,curve_swaps.sql,0xddf252ad1be2c89b69c2b068fc378daa952ba7f163c4a11628f55a4df523b3ef
silver_dex,v2_swaps.sql,0xd78ad95fa46c994b6551d0da85fc275fe613ce37657fb8d5e3d130840159d822
silver_dex,pools.sql,0x0d3648bd0f6ba80134a33ba9275ac585d9d315f0ad8355cddefde31afa28d0e9
silver_dex,pools.sql,0x783cca1c0412dd0d695e784568c96da2e9c22ff989357a2e8b1d9b2b4e6b7118
silver_dex,balancer_swaps.sql,0x2170c741c41531aec20e7c107c24eecfdd15e69c9bb0a8dd37b1840b9e0b207b
silver_dex,balancer_pools.sql,0x3c13bc30b8e878c53fd2a36b679409c073afd75950be43d8858768e956fbc20e
silver_dex,balancer_pools.sql,0xf5847d3f2197b16cdcd2098ec95d0905cd1abdaf415f07bb7cef2bba8ac5dec4
silver_dex,hashflow_v3_pools.sql,0xdbd2a1ea6808362e6adbec4db4969cbc11e3b0b28fb6c74cb342defaaf1daada
silver_dex,hashflow_v3_swaps.sql,0x34f57786fb01682fb4eec88d340387ef01a168fe345ea5b76f709d4e560c10eb
silver_dex,hashflow_swaps.sql,0xb709ddcc6550418e9b89df1f4938071eeaa3f6376309904c77e15d46b16066f5
silver_dex,hashflow_swaps.sql,0x8cf3dec1929508e5677d7db003124e74802bfba7250a572205a9986d86ca9f1e
silver_dex,synthetix_swaps.sql,0x65b6972c94204d84cffd3a95615743e31270f04fdf251f3dccc705cfbad44776
silver_dex,maverick_swaps.sql,0x3b841dc9ab51e3104bda4f61b41e4271192d22cd19da5ee6e292dc8e2744f713
silver_dex,maverick_pools.sql,0x9b3fb3a17b4e94eb4d1217257372dcc712218fcd4bc1c28482bd8a6804a7c775
silver_dex,shibaswap_swaps.sql,0xd78ad95fa46c994b6551d0da85fc275fe613ce37657fb8d5e3d130840159d822
silver_dex,shibaswap_pools.sql,0x0d3648bd0f6ba80134a33ba9275ac585d9d315f0ad8355cddefde31afa28d0e9
silver_ens,ens_domain_registrations.sql,0xca6abbe9d7f11422cb6ca7629fbf6fe9efb1c621f71ce8f02b9f2a230097404f
silver_ens,ens_domain_registrations.sql,0x69e37f151eb98a09618ddaa80c8cfaf1ce5996867c489f45b555b412271ebf27
silver_ens,ens_domain_registrations.sql,0xb3d987963d01b2f68493b4bdb130988f157ea43070d4ad840fee0466ed9370d9
silver_ens,ens_domain_registrations.sql,0xca6abbe9d7f11422cb6ca7629fbf6fe9efb1c621f71ce8f02b9f2a230097404f
silver_ens,ens_domain_registrations.sql,0x69e37f151eb98a09618ddaa80c8cfaf1ce5996867c489f45b555b412271ebf27
silver_ens,ens_domain_registrations.sql,0xb3d987963d01b2f68493b4bdb130988f157ea43070d4ad840fee0466ed9370d9
silver_ens,ens_domain_owners.sql,0xce0457fe73731f824cc272376169235128c118b49d344817417c6d108d155e82
silver_ens,ens_domain_textchanged.sql,0xd8c9334b1a9c2f9da342a0a2b32629c1a229b6445dad78947f674b44444a7550
silver_ens,ens_domain_resolvers.sql,0x335721b01866dc23fbee8b6b2c7b1e14d6f05c28cd35a2c934239f94095602a0
silver_ens,ens_dao_votes.sql,0xb8e138887d0aa13bab447e82de9d5c1777041ecd21ca36ba824ff1e6c07ddda4
silver_ens,ens_domain_wrapped.sql,0x8ce7013e8abebc55c3890a68f5a27c67c3f7efa64e584de5fb22363c606fd340
silver_ens,ens_domain_transfers.sql,0xddf252ad1be2c89b69c2b068fc378daa952ba7f163c4a11628f55a4df523b3ef
silver_ens,ens_domain_transfers.sql,0xc3d58168c5ae7397731d063d5bbf3d657854427343f4c083240f7aacaa2d0f62
silver_ens,ens_domain_transfers.sql,0x4a39dc06d4c0dbc64b70af90fd698a233a518aa5d07e595d983b8c0526c8f7fb
silver_ens,ens_domain_transfers.sql,0xddf252ad1be2c89b69c2b068fc378daa952ba7f163c4a11628f55a4df523b3ef
silver_ens,ens_domain_transfers.sql,0xc3d58168c5ae7397731d063d5bbf3d657854427343f4c083240f7aacaa2d0f62
silver_ens,ens_domain_transfers.sql,0x4a39dc06d4c0dbc64b70af90fd698a233a518aa5d07e595d983b8c0526c8f7fb
silver_ens,ens_domain_renewals.sql,0x3da24c024582931cfaf8267d8ed24d13a82a8068d5bd337d30ec45cea4e506ae
silver,univ3_lp_actions.sql,0x0c396cd989a39f4459b5fa1aed6a9a8dcdbc45908acfd67e028cd568da98982c
silver,univ3_lp_actions.sql,0x7a53080ba414158be7ec69b987b5fb7d07dee101fe85488f0853ae16239d0bde
silver,univ3_lp_actions.sql,0x3067048beee31b25b2f1681f88dac838c8bba36af25bfb2b7cf7473a5847e35f
silver,univ3_lp_actions.sql,0x26f6a048ee9138f2c0ce266f322cb99228e8d619ae2bff30c67f8dcf9d2377b4
silver,univ3_lp_actions.sql,0x0c396cd989a39f4459b5fa1aed6a9a8dcdbc45908acfd67e028cd568da98982c
silver,univ3_lp_actions.sql,0x7a53080ba414158be7ec69b987b5fb7d07dee101fe85488f0853ae16239d0bde
silver,univ3_lp_actions.sql,0x7a53080ba414158be7ec69b987b5fb7d07dee101fe85488f0853ae16239d0bde
silver,univ3_lp_actions.sql,0x0c396cd989a39f4459b5fa1aed6a9a8dcdbc45908acfd67e028cd568da98982c
silver,univ3_lp_actions.sql,0x7a53080ba414158be7ec69b987b5fb7d07dee101fe85488f0853ae16239d0bde
silver,univ3_lp_actions.sql,0x0c396cd989a39f4459b5fa1aed6a9a8dcdbc45908acfd67e028cd568da98982c
silver,univ3_lp_actions.sql,0x0c396cd989a39f4459b5fa1aed6a9a8dcdbc45908acfd67e028cd568da98982c
silver,univ3_lp_actions.sql,0x7a53080ba414158be7ec69b987b5fb7d07dee101fe85488f0853ae16239d0bde
silver,univ3_lp_actions.sql,0x0c396cd989a39f4459b5fa1aed6a9a8dcdbc45908acfd67e028cd568da98982c
silver,univ3_lp_actions.sql,0x7a53080ba414158be7ec69b987b5fb7d07dee101fe85488f0853ae16239d0bde
silver,univ3_lp_actions.sql,0x3067048beee31b25b2f1681f88dac838c8bba36af25bfb2b7cf7473a5847e35f
silver,univ3_lp_actions.sql,0x3067048beee31b25b2f1681f88dac838c8bba36af25bfb2b7cf7473a5847e35f
silver,univ3_lp_actions.sql,0x26f6a048ee9138f2c0ce266f322cb99228e8d619ae2bff30c67f8dcf9d2377b4
silver,univ3_position_collected_fees.sql,0x70935338e69775456a85ddef226c395fb668b63fa0115f5f20610b388e6ca9c0
silver,univ3_position_collected_fees.sql,0x40d0efd1a53d60ecbf40971b9daf7dc90178c3aadc7aab1765632738fa8b8f01
silver,univ3_position_collected_fees.sql,0x70935338e69775456a85ddef226c395fb668b63fa0115f5f20610b388e6ca9c0
silver,univ3_position_collected_fees.sql,0x40d0efd1a53d60ecbf40971b9daf7dc90178c3aadc7aab1765632738fa8b8f01
silver,univ3_swaps.sql,0xc42079f94a6350d7e6235f29174924f928cc2ac818eb64fed8004e115fbcca67
silver,univ3_pools.sql,0x783cca1c0412dd0d695e784568c96da2e9c22ff989357a2e8b1d9b2b4e6b7118
silver,univ3_pools.sql,0x98636036cb66a9c19a37435efc1e90142190214e8abeb821bdba3f2990dd4c95
silver,aave_token_backfill.sql,0x1d9fcd0dc935b4778d5af97f55c4d7b2553257382f1ef25c412114c8eeebd88e
silver,aave_token_backfill.sql,0x3a0ca721fc364424566385a1aa271ed508cc2c0949c2272575fb3013a163a45f
silver,aave_token_backfill.sql,0xb19e051f8af41150ccccb3fc2c2d8d15f4a4cf434f32a559ba75fe73d6eea20b
silver,aave_token_backfill.sql,0x3a0ca721fc364424566385a1aa271ed508cc2c0949c2272575fb3013a163a45f
silver,aave_votes.sql,0x0c611e7b6ae0de26f4772260e1bbdb5f58cbb7c275fe2de14671968d29add8d6
silver,aave_liquidations.sql,0xe413a321e8681d831f4dbccbca790d2952b56f977908e45be37335533e005286
silver,aave_liquidations.sql,0xe413a321e8681d831f4dbccbca790d2952b56f977908e45be37335533e005286
silver,aave_liquidations.sql,0x56864757fd5b1fc9f38f5f3a981cd8ae512ce41b902cf73fc506ee369c6bc237
silver,aave_repayments.sql,0x4cdde6e09bb755c9a5589ebaec640bbfedff1362d4b255ebf8339782b9942faa
silver,aave_repayments.sql,0xb718f0b14f03d8c3adf35b15e3da52421b042ac879e5a689011a8b1e0036773d
silver,aave_repayments.sql,0xa534c8dbe71f871f9f3530e97a74601fea17b426cae02e1c5aee42c96c784051
silver,aave_borrows.sql,0xc6a898309e823ee50bac64e45ca8adba6690e99e7841c45d754e2a38e9019d9b
silver,aave_borrows.sql,0x1e77446728e5558aa1b7e81e0cdab9cc1b075ba893b740600c76a315c2caa553
silver,aave_borrows.sql,0xb3d084820fb1a9decffb176436bd02558d15fac9b0ddfed8c465bc7359d7dce0
silver,aave_borrows.sql,0xc6a898309e823ee50bac64e45ca8adba6690e99e7841c45d754e2a38e9019d9b
silver,aave_borrows.sql,0x1e77446728e5558aa1b7e81e0cdab9cc1b075ba893b740600c76a315c2caa553
silver,aave_borrows.sql,0xb3d084820fb1a9decffb176436bd02558d15fac9b0ddfed8c465bc7359d7dce0
silver,aave_borrows.sql,0xc6a898309e823ee50bac64e45ca8adba6690e99e7841c45d754e2a38e9019d9b
silver,aave_borrows.sql,0x1e77446728e5558aa1b7e81e0cdab9cc1b075ba893b740600c76a315c2caa553
silver,aave_borrows.sql,0xb3d084820fb1a9decffb176436bd02558d15fac9b0ddfed8c465bc7359d7dce0
silver,aave_borrows.sql,0xc6a898309e823ee50bac64e45ca8adba6690e99e7841c45d754e2a38e9019d9b
silver,aave_borrows.sql,0xb3d084820fb1a9decffb176436bd02558d15fac9b0ddfed8c465bc7359d7dce0
silver,aave_borrows.sql,0xc6a898309e823ee50bac64e45ca8adba6690e99e7841c45d754e2a38e9019d9b
silver,aave_borrows.sql,0x1e77446728e5558aa1b7e81e0cdab9cc1b075ba893b740600c76a315c2caa553
silver,aave_borrows.sql,0xb3d084820fb1a9decffb176436bd02558d15fac9b0ddfed8c465bc7359d7dce0
silver,aave_borrows.sql,0xc6a898309e823ee50bac64e45ca8adba6690e99e7841c45d754e2a38e9019d9b
silver,aave_borrows.sql,0x1e77446728e5558aa1b7e81e0cdab9cc1b075ba893b740600c76a315c2caa553
silver,aave_borrows.sql,0xb3d084820fb1a9decffb176436bd02558d15fac9b0ddfed8c465bc7359d7dce0
silver,aave_borrows.sql,0xc6a898309e823ee50bac64e45ca8adba6690e99e7841c45d754e2a38e9019d9b
silver,aave_borrows.sql,0x1e77446728e5558aa1b7e81e0cdab9cc1b075ba893b740600c76a315c2caa553
silver,aave_borrows.sql,0xb3d084820fb1a9decffb176436bd02558d15fac9b0ddfed8c465bc7359d7dce0
silver,aave_borrows.sql,0xc6a898309e823ee50bac64e45ca8adba6690e99e7841c45d754e2a38e9019d9b
silver,aave_borrows.sql,0x1e77446728e5558aa1b7e81e0cdab9cc1b075ba893b740600c76a315c2caa553
silver,aave_borrows.sql,0xb3d084820fb1a9decffb176436bd02558d15fac9b0ddfed8c465bc7359d7dce0
silver,aave_flashloans.sql,0x631042c832b07452973831137f2d73e395028b44b250dedc5abb0ee766e168ac
silver,aave_flashloans.sql,0xefefaba5e921573100900a3ad9cf29f222d995fb3b6045797eaea7521bd8d6f0
silver,aave_flashloans.sql,0xefefaba5e921573100900a3ad9cf29f222d995fb3b6045797eaea7521bd8d6f0
silver,aave_flashloans.sql,0x631042c832b07452973831137f2d73e395028b44b250dedc5abb0ee766e168ac
silver,aave_flashloans.sql,0x5b8f46461c1dd69fb968f1a003acee221ea3e19540e350233b612ddb43433b55
silver,aave_flashloans.sql,0xefefaba5e921573100900a3ad9cf29f222d995fb3b6045797eaea7521bd8d6f0
silver,aave_flashloans.sql,0xefefaba5e921573100900a3ad9cf29f222d995fb3b6045797eaea7521bd8d6f0
silver,aave_flashloans.sql,0xefefaba5e921573100900a3ad9cf29f222d995fb3b6045797eaea7521bd8d6f0
silver,aave_flashloans.sql,0xefefaba5e921573100900a3ad9cf29f222d995fb3b6045797eaea7521bd8d6f0
silver,aave_flashloans.sql,0x631042c832b07452973831137f2d73e395028b44b250dedc5abb0ee766e168ac
silver,aave_flashloans.sql,0x5b8f46461c1dd69fb968f1a003acee221ea3e19540e350233b612ddb43433b55
silver,aave_flashloans.sql,0xefefaba5e921573100900a3ad9cf29f222d995fb3b6045797eaea7521bd8d6f0
silver,aave_withdraws.sql,0x3115d1449a7b732c986cba18244e897a450f61e1bb8d589cd2e69e6c8924f9f7
silver,aave_withdraws.sql,0x3115d1449a7b732c986cba18244e897a450f61e1bb8d589cd2e69e6c8924f9f7
silver,aave_withdraws.sql,0x9c4ed599cd8555b9c1e8cd7643240d7d71eb76b792948c49fcb4d411f7b6b3c6
silver,aave_deposits.sql,0xde6857219544bb5b7746f48ed30be6386fefc61b2f864cacf559893bf50fd951
silver,aave_deposits.sql,0xc12c57b1c73a2c3a2ea4613e9476abb3d8d146857aab7329e24243fb59710c82
silver,aave_deposits.sql,0x2b627736bca15cd5381dcf80b0bf11fd197d01a037c52b927a881a10fb73ba61
silver,aave_deposits.sql,0xde6857219544bb5b7746f48ed30be6386fefc61b2f864cacf559893bf50fd951
silver,aave_deposits.sql,0xc12c57b1c73a2c3a2ea4613e9476abb3d8d146857aab7329e24243fb59710c82
silver,aave_deposits.sql,0x2b627736bca15cd5381dcf80b0bf11fd197d01a037c52b927a881a10fb73ba61
silver,aave_deposits.sql,0xde6857219544bb5b7746f48ed30be6386fefc61b2f864cacf559893bf50fd951
silver,aave_deposits.sql,0xc12c57b1c73a2c3a2ea4613e9476abb3d8d146857aab7329e24243fb59710c82
silver,aave_deposits.sql,0x2b627736bca15cd5381dcf80b0bf11fd197d01a037c52b927a881a10fb73ba61
silver_olas,redeem_bond.sql,0x97f4572ff501a5533a09cf8d7d39be87e303470dd8bc7cff4fe91212be76bc73
silver_olas,redeem_bond.sql,0xddf252ad1be2c89b69c2b068fc378daa952ba7f163c4a11628f55a4df523b3ef
silver_olas,unit_registrations.sql,0x97587a61bb0b1b9b24e5325039519ae27f44ca15ef278df10f4ab0195205c29c
silver_olas,unit_registrations.sql,0xddf252ad1be2c89b69c2b068fc378daa952ba7f163c4a11628f55a4df523b3ef
silver_olas,unit_registrations.sql,0x97587a61bb0b1b9b24e5325039519ae27f44ca15ef278df10f4ab0195205c29c
silver_olas,unit_registrations.sql,0xddf252ad1be2c89b69c2b068fc378daa952ba7f163c4a11628f55a4df523b3ef
silver_olas,olas_locking.sql,0xbe9cf0e939c614fad640a623a53ba0a807c8cb503c4c4c8dacabe27b86ff2dd5
silver_olas,olas_locking.sql,0xf279e6a1f5e320cca91135676d9cb6e44ca8a08c0b88342bcdb1144f6511b568
silver_olas,olas_locking.sql,0xbe9cf0e939c614fad640a623a53ba0a807c8cb503c4c4c8dacabe27b86ff2dd5
silver_olas,olas_locking.sql,0xf279e6a1f5e320cca91135676d9cb6e44ca8a08c0b88342bcdb1144f6511b568
silver_olas,service_registrations.sql,0x9169d45eacd63571e315a0504da919b7c89de505493e7b34051802dd0816a069
silver_olas,service_registrations.sql,0xddf252ad1be2c89b69c2b068fc378daa952ba7f163c4a11628f55a4df523b3ef
silver_olas,service_registrations.sql,0x9169d45eacd63571e315a0504da919b7c89de505493e7b34051802dd0816a069
silver_olas,service_registrations.sql,0xddf252ad1be2c89b69c2b068fc378daa952ba7f163c4a11628f55a4df523b3ef
silver_olas,create_service_multisigs.sql,0x2d53f895cd5faf3cddba94a25c2ced2105885b5b37450ff430ffa3cbdf332c74
silver_olas,create_bond.sql,0xfa892a5592accfded99f9df9ad2d678230f37aeeb8fde5dd3b73769b5069bc0e
silver_olas,pol_transfers.sql,0xddf252ad1be2c89b69c2b068fc378daa952ba7f163c4a11628f55a4df523b3ef
silver_olas,service_donations.sql,0xb7c3b13b911bdc71cbcf384e470cad657b7da964c892dc2fdba1432ad64d8be0
silver_maker,delegations.sql,0x625fed9875dada8643f2418b838ae0bc78d9a148a18eee4ee1979ff0f3f5d427
silver_maker,delegations.sql,0xce6c5af8fd109993cb40da4d5dc9e4dd8e61bc2e48f1e3901472141e4f56f293
silver_maker,delegations.sql,0x625fed9875dada8643f2418b838ae0bc78d9a148a18eee4ee1979ff0f3f5d427
silver_maker,delegations.sql,0xce6c5af8fd109993cb40da4d5dc9e4dd8e61bc2e48f1e3901472141e4f56f293
silver_maker,governance_votes.sql,0xea66f58e474bc09f580000e81f31b334d171db387d0c6098ba47bd897741679b
silver,comp_deposits.sql,0x4c209b5fc8ad50758f13e2e1088ba56a560dff690a1c6fef26394f4c03821c4f
silver,comp_deposits.sql,0xfa56f7b24f17183d81894d3ac2ee654e3c26388d17a28dbd9549b8114304e1f4
silver,comp_liquidations.sql,0x298637f684da70674f26509b10f07ec2fbc77a335ab1e7d6215a4b2484d8bb52
silver,comp_liquidations.sql,0x9850ab1af75177e4a9201c65a2cf7976d5d28e40ef63494b44366f86b2f9412e
silver,comp_borrows.sql,0x13ed6866d4e1ee6da46f845c46d7e54120883d75c5ea9a2dacc1c4ca8984ab80
silver,comp_borrows.sql,0x9b1bfa7fa9ee420a16e124f794c35ac9f90472acc99140eb2f6447c714cad8eb
silver,comp_repayments.sql,0x1a2a22cb034d26d1854bdc6666a5b91fe25efbbb5dcad3b0355478d6f5c362a1
silver,comp_repayments.sql,0xd1cf3d156d5f8f0d50f6c122ed609cec09d35c9b9fb3fff6ea0959134dae424e
silver,comp_redemptions.sql,0xe5b754fb1abb7f01b499791d0b820ae3b6af3424ac1c59768edb53f4ec31a929
silver,comp_redemptions.sql,0xd6d480d5b3068db003533b170d67561494d72e3bf9fa40a266471351ebba9e16
silver,base_state_hashes.sql,0xa7aaf2512769da4e444e3de247be2564225c2e7a8f74cfe528e46e17d24868e2
streamline,uni_v3_position_reads.sql,0x3067048beee31b25b2f1681f88dac838c8bba36af25bfb2b7cf7473a5847e35f
streamline,uni_v3_position_reads.sql,0x26f6a048ee9138f2c0ce266f322cb99228e8d619ae2bff30c67f8dcf9d2377b4
streamline,uni_v3_position_reads.sql,0x40d0efd1a53d60ecbf40971b9daf7dc90178c3aadc7aab1765632738fa8b8f01
streamline,token_balances_realtime.sql,0xddf252ad1be2c89b69c2b068fc378daa952ba7f163c4a11628f55a4df523b3ef
streamline,token_balances_realtime.sql,0x7fcf532c15f0a6db0bd6d0e038bea71d30d808c7d98cb3bf7268a95bf5081b65
streamline,token_balances_realtime.sql,0xe1fffcc4923d04b559f4d29a8bfc6cda04eb5b0d3c460751c2402c5c5cc9109c
streamline,token_balances_history.sql,0xddf252ad1be2c89b69c2b068fc378daa952ba7f163c4a11628f55a4df523b3ef
streamline,token_balances_history.sql,0x7fcf532c15f0a6db0bd6d0e038bea71d30d808c7d98cb3bf7268a95bf5081b65
streamline,token_balances_history.sql,0xe1fffcc4923d04b559f4d29a8bfc6cda04eb5b0d3c460751c2402c5c5cc9109c
